{
  "2-3-click on productId" : {
    "transaction" : "2-3-click on productId",
    "sampleCount" : 108,
    "errorCount" : 0,
    "errorPct" : 0.0,
    "meanResTime" : 6.629629629629628,
    "medianResTime" : 5.0,
    "minResTime" : 3.0,
    "maxResTime" : 16.0,
    "pct1ResTime" : 14.0,
    "pct2ResTime" : 15.0,
    "pct3ResTime" : 15.909999999999997,
    "throughput" : 0.8840430234271401,
    "receivedKBytesPerSec" : 3.310908671397934,
    "sentKBytesPerSec" : 0.7598683604685428
  },
  "2-4-click on itemId" : {
    "transaction" : "2-4-click on itemId",
    "sampleCount" : 108,
    "errorCount" : 0,
    "errorPct" : 0.0,
    "meanResTime" : 4.259259259259258,
    "medianResTime" : 3.0,
    "minResTime" : 2.0,
    "maxResTime" : 13.0,
    "pct1ResTime" : 9.0,
    "pct2ResTime" : 10.549999999999997,
    "pct3ResTime" : 12.909999999999997,
    "throughput" : 0.8841153934313501,
    "receivedKBytesPerSec" : 3.137373714246537,
    "sentKBytesPerSec" : 0.7544064428886014
  },
  "Total" : {
    "transaction" : "Total",
    "sampleCount" : 450,
    "errorCount" : 0,
    "errorPct" : 0.0,
    "meanResTime" : 5.011111111111107,
    "medianResTime" : 3.0,
    "minResTime" : 1.0,
    "maxResTime" : 65.0,
    "pct1ResTime" : 10.0,
    "pct2ResTime" : 13.0,
    "pct3ResTime" : 16.0,
    "throughput" : 3.485589025816596,
    "receivedKBytesPerSec" : 13.839808077174814,
    "sentKBytesPerSec" : 2.92372690071106
  },
  "2-1-Open URL" : {
    "transaction" : "2-1-Open URL",
    "sampleCount" : 114,
    "errorCount" : 0,
    "errorPct" : 0.0,
    "meanResTime" : 5.105263157894739,
    "medianResTime" : 3.0,
    "minResTime" : 2.0,
    "maxResTime" : 65.0,
    "pct1ResTime" : 11.5,
    "pct2ResTime" : 14.25,
    "pct3ResTime" : 57.64999999999972,
    "throughput" : 0.8830295659987142,
    "receivedKBytesPerSec" : 4.197703614805462,
    "sentKBytesPerSec" : 0.6840120574201595
  },
  "Scenario-2 View Details" : {
    "transaction" : "Scenario-2 View Details",
    "sampleCount" : 114,
    "errorCount" : 0,
    "errorPct" : 0.0,
    "meanResTime" : 19.31578947368421,
    "medianResTime" : 12.0,
    "minResTime" : 5.0,
    "maxResTime" : 99.0,
    "pct1ResTime" : 43.0,
    "pct2ResTime" : 47.0,
    "pct3ResTime" : 91.94999999999973,
    "throughput" : 0.8823870892836411,
    "receivedKBytesPerSec" : 13.447672667769652,
    "sentKBytesPerSec" : 2.846986386857077
  },
  "2-2- click on categoryId" : {
    "transaction" : "2-2- click on categoryId",
    "sampleCount" : 114,
    "errorCount" : 0,
    "errorPct" : 0.0,
    "meanResTime" : 3.833333333333333,
    "medianResTime" : 2.0,
    "minResTime" : 1.0,
    "maxResTime" : 12.0,
    "pct1ResTime" : 9.0,
    "pct2ResTime" : 10.0,
    "pct3ResTime" : 11.849999999999994,
    "throughput" : 0.8835291564621633,
    "receivedKBytesPerSec" : 3.159894315574914,
    "sentKBytesPerSec" : 0.7325883844010603
  }
}